Workbook
Name Product_Name: in!$C:$C
Name Slicer_Month: #N/A
Name Slicer_Product_Name: #N/A
Name Slicer_Region: #N/A
Name Slicer_Salesperson: #N/A

Sheet Months 2025
A3: Months 2025 | B3: Sum of Revenue
A4: Jan | B4: 1669577
A5: Feb | B5: 947470
A6: Mar | B6: 1383290
A7: Apr | B7: 1425084
A8: May | B8: 1242283
A9: Jun | B9: 1511860
A10: Jul | B10: 1272228
A11: Aug | B11: 1577535
A12: Sep | B12: 1462047
A13: Oct | B13: 1110751
A14: Nov | B14: 1298609
A15: Dec | B15: 1340601
A16: Grand Total | B16: 16241335

Sheet Product 2025
A3: Product 2025 | B3: Sum of Revenue
A4: Keyboard | B4: 1406177
A5: Smartphone | B5: 1463488
A6: Tablet | B6: 1495435
A7: Headphones | B7: 1521873
A8: Printer | B8: 1526773
A9: Monitor | B9: 1554360
A10: Mouse | B10: 1554601
A11: Laptop | B11: 1744853
A12: Smartwatch | B12: 1946226
A13: Camera | B13: 2027549
A14: Grand Total | B14: 16241335

Sheet Region 2025
A3: Revenue by Region | B3: Sum of Revenue
A4: Central | B4: 3101439
A5: East | B5: 3046968
A6: North | B6: 3492200
A7: South | B7: 3030677
A8: West | B8: 3570051
A9: Grand Total | B9: 16241335

Sheet Sales Performance 2025
A3: Salesperson | B3: Average of Revenue
A4: Alex Tan | B4: 10057.361
A5: Hafiz Noor | B5: 10160.769
A6: Catherine Wong | B6: 10282.888
A7: Emily Chua | B7: 10823.649
A8: Farid Rahman | B8: 10982.195
A9: Brian Lee | B9: 10995.662
A10: Grace Ong | B10: 11310.433
A11: Daniel Lim | B11: 11869.745
A12: Grand Total | B12: 10827.557

Sheet Top Product 25
A3: Product | B3: Sum of Revenue
A4: Camera | B4: 2027549
A5: Headphones | B5: 1521873
A6: Keyboard | B6: 1406177
A7: Laptop | B7: 1744853
A8: Monitor | B8: 1554360
A9: Mouse | B9: 1554601
A10: Printer | B10: 1526773
A11: Smartphone | B11: 1463488
A12: Smartwatch | B12: 1946226
A13: Tablet | B13: 1495435
A14: Grand Total | B14: 16241335

Sheet in
A1: Date | B1: Month | C1: Product Name | D1: Category | E1: Units Sold | F1: Revenue | G1: Region | H1: Salesperson | J1: Monthly Revenue | K1: Total per Month | M1: Revenue per Region | N1: Total per Region | P1: rev by prod. | Q1: Total per prod. | S1: Salesperon revenue | T1: Sales per person
A2: 45240 | B2: Nov | C2: Printer | D2: Office | E2: 9 | F2: 14751 | G2: East | H2: Daniel Lim | J2: JAN | K2: =SUMIFS(F:F,B:B,J2) -> 1669577 | M2: North | N2: =SUMIFS(F:F,G:G,M2) -> 3492200 | P2: Printer | Q2: =SUMIFS(F:F,C:C,"Printer") -> 1526773 | S2: Alex Tan | T2: =SUMIFS(F:F,H:H,"Alex Tan") -> 1558891
A3: 45783 | B3: May | C3: Headphones | D3: Accessories | E3: 6 | F3: 8532 | G3: Central | H3: Alex Tan | J3: FEB | K3: =SUMIFS(F:F,B:B,J3) -> 947470 | M3: South | N3: =SUMIFS(F:F,G:G,M3) -> 3030677 | P3: Headphones | Q3: =SUMIFS(F:F,C:C,"Headphones") -> 1521873 | S3: Brian Lee | T3: =SUMIFS(F:F,H:H,"Brian Lee") -> 2276102
A4: 45469 | B4: Jun | C4: Printer | D4: Office | E4: 18 | F4: 10764 | G4: Central | H4: Grace Ong | J4: MAR | K4: =SUMIFS(F:F,B:B,J4) -> 1383290 | M4: East | N4: =SUMIFS(F:F,G:G,M4) -> 3046968 | P4: Laptop | Q4: =SUMIFS(F:F,C:C,"Laptop") -> 1744853 | S4: Catherine Wong | T4: =SUMIFS(F:F,H:H,"Catherine Wong") -> 1922900
A5: 45114 | B5: Jul | C5: Laptop | D5: Computers | E5: 18 | F5: 5472 | G5: Central | H5: Farid Rahman | J5: APR | K5: =SUMIFS(F:F,B:B,J5) -> 1425084 | M5: West | N5: =SUMIFS(F:F,G:G,M5) -> 3570051 | P5: Tablet | Q5: =SUMIFS(F:F,C:C,"Tablet") -> 1495435 | S5: Daniel Lim | T5: =SUMIFS(F:F,H:H,"Daniel Lim") -> 2326470
A6: 45548 | B6: Sep | C6: Tablet | D6: Mobile | E6: 13 | F6: 19266 | G6: South | H6: Brian Lee | J6: MAY | K6: =SUMIFS(F:F,B:B,J6) -> 1242283 | M6: Central | N6: =SUMIFS(F:F,G:G,M6) -> 3101439 | P6: Mouse | Q6: =SUMIFS(F:F,C:C,"Mouse") -> 1554601 | S6: Emily Chua | T6: =SUMIFS(F:F,H:H,"Emily Chua") -> 2218848
A7: 45668 | B7: Jan | C7: Mouse | D7: Accessories | E7: 16 | F7: 19504 | G7: West | H7: Catherine Wong | J7: JUN | K7: =SUMIFS(F:F,B:B,J7) -> 1511860 | P7: Monitor | Q7: =SUMIFS(F:F,C:C,"Monitor") -> 1554360 | S7: Farid Rahman | T7: =SUMIFS(F:F,H:H,"Farid Rahman") -> 1801080
A8: 45208 | B8: Oct | C8: Headphones | D8: Accessories | E8: 8 | F8: 12056 | G8: East | H8: Hafiz Noor | J8: JUL | K8: =SUMIFS(F:F,B:B,J8) -> 1272228 | P8: Smartwatch | Q8: =SUMIFS(F:F,C:C,"Smartwatch") -> 1946226 | S8: Grace Ong | T8: =SUMIFS(F:F,H:H,"Grace Ong") -> 2115051
A9: 45097 | B9: Jun | C9: Camera | D9: Electronics | E9: 16 | F9: 4800 | G9: Central | H9: Daniel Lim | J9: AUG | K9: =SUMIFS(F:F,B:B,J9) -> 1577535 | P9: Keyboard | Q9: =SUMIFS(F:F,C:C,"Keyboard") -> 1406177 | S9: Hafiz Noor | T9: =SUMIFS(F:F,H:H,"Hafiz Noor") -> 2021993
A10: 45314 | B10: Jan | C10: Keyboard | D10: Accessories | E10: 18 | F10: 9972 | G10: West | H10: Grace Ong | J10: SEP | K10: =SUMIFS(F:F,B:B,J10) -> 1462047 | P10: Camera | Q10: =SUMIFS(F:F,C:C,"Camera") -> 2027549
A11: 45918 | B11: Sep | C11: Mouse | D11: Accessories | E11: 10 | F11: 7460 | G11: East | H11: Catherine Wong | J11: OCT | K11: =SUMIFS(F:F,B:B,J11) -> 1110751 | P11: Smartphone | Q11: =SUMIFS(F:F,C:C,"Smartphone") -> 1463488
A12: 45299 | B12: Jan | C12: Monitor | D12: Computers | E12: 3 | F12: 1062 | G12: East | H12: Grace Ong | J12: NOV | K12: =SUMIFS(F:F,B:B,J12) -> 1298609
A13: 45958 | B13: Oct | C13: Monitor | D13: Computers | E13: 16 | F13: 8816 | G13: North | H13: Brian Lee | J13: DEC | K13: =SUMIFS(F:F,B:B,J13) -> 1340601
A14: 45774 | B14: Apr | C14: Smartphone | D14: Mobile | E14: 20 | F14: 36940 | G14: North | H14: Daniel Lim
A15: 45999 | B15: Dec | C15: Headphones | D15: Accessories | E15: 14 | F15: 6762 | G15: West | H15: Daniel Lim
A16: 45176 | B16: Sep | C16: Mouse | D16: Accessories | E16: 7 | F16: 13979 | G16: Central | H16: Catherine Wong
A17: 45903 | B17: Sep | C17: Keyboard | D17: Accessories | E17: 5 | F17: 7075 | G17: South | H17: Emily Chua
A18: 45778 | B18: May | C18: Printer | D18: Office | E18: 20 | F18: 20640 | G18: West | H18: Daniel Lim
A19: 45298 | B19: Jan | C19: Laptop | D19: Computers | E19: 6 | F19: 4884 | G19: South | H19: Brian Lee
A20: 45039 | B20: Apr | C20: Smartwatch | D20: Wearables | E20: 16 | F20: 19376 | G20: South | H20: Farid Rahman
A21: 45406 | B21: Apr | C21: Tablet | D21: Mobile | E21: 1 | F21: 1835 | G21: East | H21: Alex Tan
A22: 45595 | B22: Oct | C22: Printer | D22: Office | E22: 3 | F22: 3081 | G22: Central | H22: Catherine Wong
A23: 45751 | B23: Apr | C23: Smartwatch | D23: Wearables | E23: 15 | F23: 26775 | G23: North | H23: Brian Lee
A24: 45579 | B24: Oct | C24: Smartwatch | D24: Wearables | E24: 2 | F24: 2848 | G24: South | H24: Grace Ong
A25: 45023 | B25: Apr | C25: Monitor | D25: Computers | E25: 8 | F25: 9760 | G25: South | H25: Catherine Wong
... A1501: 45477 | B1501: Jul | C1501: Monitor | D1501: Computers | E1501: 16 | F1501: 16320 | G1501: North | H1501: Emily Chua

Sheet Dashboard
C1: SALES PERFORMANCE DASHBOARD - 2025 REVENUE & SALES ANALYSIS
C2: JAN 2025 - DEC 2025 | REVENUE & PRODUCT PERFROMANCE
C3: TOTAL REVENUE | E3: UNITS SOLD | G3: AVG REVENUE | I3: TOTAL TRANSACTIONS | K3: TOP PRODUCT
C4: =SUM(in!F:F) -> 16241335 | E4: =SUM(in!E:E) -> 15898 | G4: =AVERAGE(in!F:F) -> 10827.557 | I4: =COUNTA(in!A:A)-1 -> 1500 | K4: =INDEX('Top Product 25'!A4:A13, MATCH(MAX('Top Product 25'!B4:B13),'Top Product 25'!B4:B13,0)) -> Camera
