Workbook

Sheet in
A1: Claim ID | B1: Date Submitted | C1: Month | D1: Region | E1: Claim Type | F1: Claim Amount | G1: Status | H1: Processing Time (Days)
A2: C001 | B2: 14/05/2025 | C2: =TEXT(B2,"mmm") -> May | D2: East | E2: Auto | F2: 1349.16 | G2: Rejected | H2: 2
A3: C002 | B3: 17/10/2025 | C3: =TEXT(B3,"mmm") -> Oct | D3: East | E3: Travel | F3: 4436.26 | G3: Approved | H3: 1
A4: C003 | B4: 45757 | C4: =TEXT(B4,"mmm") -> Apr | D4: East | E4: Auto | F4: 3315.76 | G4: Rejected | H4: 9
A5: C004 | B5: 45758 | C5: =TEXT(B5,"mmm") -> Apr | D5: South | E5: Auto | F5: 1370.42 | G5: Approved | H5: 6
A6: C005 | B6: 45660 | C6: =TEXT(B6,"mmm") -> Jan | D6: West | E6: Auto | F6: 620.05 | G6: Approved | H6: 12
A7: C006 | B7: 28/09/2025 | C7: =TEXT(B7,"mmm") -> Sep | D7: South | E7: Auto | F7: 3066.87 | G7: Approved | H7: 4
A8: C007 | B8: 23/05/2025 | C8: =TEXT(B8,"mmm") -> May | D8: South | E8: Travel | F8: 2580.81 | G8: Pending | H8: 8
A9: C008 | B9: 16/10/2025 | C9: =TEXT(B9,"mmm") -> Oct | D9: West | E9: Home | F9: 4423.58 | G9: Rejected | H9: 4
A10: C009 | B10: 45839 | C10: =TEXT(B10,"mmm") -> Jul | D10: North | E10: Travel | F10: 3286.07 | G10: Rejected | H10: 11
A11: C010 | B11: 29/05/2025 | C11: =TEXT(B11,"mmm") -> May | D11: North | E11: Auto | F11: 3126.98 | G11: Pending | H11: 15
A12: C011 | B12: 45809 | C12: =TEXT(B12,"mmm") -> Jun | D12: West | E12: Auto | F12: 1774.42 | G12: Pending | H12: 1
A13: C012 | B13: 31/01/2025 | C13: =TEXT(B13,"mmm") -> Jan | D13: South | E13: Home | F13: 4329.48 | G13: Rejected | H13: 13
A14: C013 | B14: 25/11/2025 | C14: =TEXT(B14,"mmm") -> Nov | D14: South | E14: Travel | F14: 2985.41 | G14: Approved | H14: 8
A15: C014 | B15: 23/01/2025 | C15: =TEXT(B15,"mmm") -> Jan | D15: South | E15: Travel | F15: 1727.01 | G15: Approved | H15: 11
A16: C015 | B16: 20/08/2025 | C16: =TEXT(B16,"mmm") -> Aug | D16: East | E16: Health | F16: 820.25 | G16: Pending | H16: 13
A17: C016 | B17: 19/08/2025 | C17: =TEXT(B17,"mmm") -> Aug | D17: South | E17: Travel | F17: 2531.18 | G17: Pending | H17: 1
A18: C017 | B18: 20/12/2025 | C18: =TEXT(B18,"mmm") -> Dec | D18: West | E18: Home | F18: 4800.49 | G18: Pending | H18: 5
A19: C018 | B19: 13/06/2025 | C19: =TEXT(B19,"mmm") -> Jun | D19: South | E19: Health | F19: 3408.33 | G19: Pending | H19: 2
A20: C019 | B20: 20/10/2025 | C20: =TEXT(B20,"mmm") -> Oct | D20: South | E20: Home | F20: 2190.94 | G20: Rejected | H20: 11
A21: C020 | B21: 19/02/2025 | C21: =TEXT(B21,"mmm") -> Feb | D21: North | E21: Travel | F21: 4436.44 | G21: Rejected | H21: 11
A22: C021 | B22: 45780 | C22: =TEXT(B22,"mmm") -> May | D22: West | E22: Home | F22: 1052.89 | G22: Approved | H22: 2
A23: C022 | B23: 29/08/2025 | C23: =TEXT(B23,"mmm") -> Aug | D23: East | E23: Health | F23: 4122.76 | G23: Pending | H23: 13
A24: C023 | B24: 45968 | C24: =TEXT(B24,"mmm") -> Nov | D24: East | E24: Travel | F24: 4865.97 | G24: Pending | H24: 2
A25: C024 | B25: 29/01/2025 | C25: =TEXT(B25,"mmm") -> Jan | D25: South | E25: Home | F25: 4820.64 | G25: Rejected | H25: 13
A26: C025 | B26: 15/02/2025 | C26: =TEXT(B26,"mmm") -> Feb | D26: West | E26: Auto | F26: 1230.47 | G26: Pending | H26: 3
A27: C026 | B27: 23/03/2025 | C27: =TEXT(B27,"mmm") -> Mar | D27: West | E27: Home | F27: 3460.61 | G27: Approved | H27: 14
A28: C027 | B28: 23/08/2025 | C28: =TEXT(B28,"mmm") -> Aug | D28: South | E28: Travel | F28: 786.18 | G28: Pending | H28: 7
A29: C028 | B29: 31/05/2025 | C29: =TEXT(B29,"mmm") -> May | D29: East | E29: Auto | F29: 2327.45 | G29: Pending | H29: 3
A30: C029 | B30: 24/03/2025 | C30: =TEXT(B30,"mmm") -> Mar | D30: West | E30: Auto | F30: 2045.7 | G30: Pending | H30: 6
A31: C030 | B31: 45666 | C31: =TEXT(B31,"mmm") -> Jan | D31: West | E31: Home | F31: 3599.7 | G31: Pending | H31: 3
A32: C031 | B32: 45820 | C32: =TEXT(B32,"mmm") -> Jun | D32: West | E32: Health | F32: 4771.35 | G32: Rejected | H32: 12
A33: C032 | B33: 45871 | C33: =TEXT(B33,"mmm") -> Aug | D33: West | E33: Home | F33: 2331.45 | G33: Approved | H33: 14
A34: C033 | B34: 45752 | C34: =TEXT(B34,"mmm") -> Apr | D34: West | E34: Home | F34: 2620.93 | G34: Pending | H34: 9
A35: C034 | B35: 28/01/2025 | C35: =TEXT(B35,"mmm") -> Jan | D35: North | E35: Health | F35: 1289.26 | G35: Rejected | H35: 1
A36: C035 | B36: 45659 | C36: =TEXT(B36,"mmm") -> Jan | D36: North | E36: Auto | F36: 4224.64 | G36: Approved | H36: 11
A37: C036 | B37: 45846 | C37: =TEXT(B37,"mmm") -> Jul | D37: South | E37: Auto | F37: 3407.28 | G37: Approved | H37: 12
A38: C037 | B38: 45848 | C38: =TEXT(B38,"mmm") -> Jul | D38: West | E38: Travel | F38: 3197.56 | G38: Approved | H38: 5
A39: C038 | B39: 28/07/2025 | C39: =TEXT(B39,"mmm") -> Jul | D39: East | E39: Home | F39: 2798.99 | G39: Rejected | H39: 8
A40: C039 | B40: 31/03/2025 | C40: =TEXT(B40,"mmm") -> Mar | D40: South | E40: Health | F40: 2509.34 | G40: Rejected | H40: 7
A41: C040 | B41: 24/03/2025 | C41: =TEXT(B41,"mmm") -> Mar | D41: East | E41: Travel | F41: 4026.29 | G41: Rejected | H41: 15
A42: C041 | B42: 45909 | C42: =TEXT(B42,"mmm") -> Sep | D42: North | E42: Travel | F42: 886.53 | G42: Pending | H42: 7
A43: C042 | B43: 14/02/2025 | C43: =TEXT(B43,"mmm") -> Feb | D43: South | E43: Travel | F43: 4610.31 | G43: Approved | H43: 15
A44: C043 | B44: 45756 | C44: =TEXT(B44,"mmm") -> Apr | D44: East | E44: Travel | F44: 1168.87 | G44: Pending | H44: 11
A45: C044 | B45: 16/07/2025 | C45: =TEXT(B45,"mmm") -> Jul | D45: North | E45: Home | F45: 3303.19 | G45: Rejected | H45: 10
A46: C045 | B46: 23/03/2025 | C46: =TEXT(B46,"mmm") -> Mar | D46: North | E46: Home | F46: 2591.67 | G46: Approved | H46: 14
A47: C046 | B47: 15/06/2025 | C47: =TEXT(B47,"mmm") -> Jun | D47: West | E47: Travel | F47: 2129.61 | G47: Pending | H47: 10
A48: C047 | B48: 25/10/2025 | C48: =TEXT(B48,"mmm") -> Oct | D48: West | E48: Travel | F48: 3929.64 | G48: Pending | H48: 11
A49: C048 | B49: 45689 | C49: =TEXT(B49,"mmm") -> Feb | D49: North | E49: Home | F49: 3026.39 | G49: Rejected | H49: 5
A50: C049 | B50: 31/05/2025 | C50: =TEXT(B50,"mmm") -> May | D50: North | E50: Home | F50: 3962.13 | G50: Pending | H50: 13
A51: C050 | B51: 45815 | C51: =TEXT(B51,"mmm") -> Jun | D51: East | E51: Travel | F51: 1033.32 | G51: Pending | H51: 9
A52: C051 | B52: 45876 | C52: =TEXT(B52,"mmm") -> Aug | D52: North | E52: Auto | F52: 1981.46 | G52: Approved | H52: 8
A53: C052 | B53: 27/09/2025 | C53: =TEXT(B53,"mmm") -> Sep | D53: East | E53: Auto | F53: 637.92 | G53: Rejected | H53: 9
A54: C053 | B54: 20/07/2025 | C54: =TEXT(B54,"mmm") -> Jul | D54: West | E54: Travel | F54: 3705.08 | G54: Approved | H54: 11
A55: C054 | B55: 23/10/2025 | C55: =TEXT(B55,"mmm") -> Oct | D55: North | E55: Home | F55: 4099.37 | G55: Pending | H55: 1
A56: C055 | B56: 45850 | C56: =TEXT(B56,"mmm") -> Jul | D56: North | E56: Travel | F56: 4263.93 | G56: Approved | H56: 6
A57: C056 | B57: 45850 | C57: =TEXT(B57,"mmm") -> Jul | D57: North | E57: Health | F57: 1039.33 | G57: Approved | H57: 10
A58: C057 | B58: 22/10/2025 | C58: =TEXT(B58,"mmm") -> Oct | D58: South | E58: Travel | F58: 2054.86 | G58: Approved | H58: 8
A59: C058 | B59: 26/10/2025 | C59: =TEXT(B59,"mmm") -> Oct | D59: South | E59: Home | F59: 3988.3 | G59: Approved | H59: 12
A60: C059 | B60: 45971 | C60: =TEXT(B60,"mmm") -> Nov | D60: South | E60: Health | F60: 1323.63 | G60: Pending | H60: 1
A61: C060 | B61: 20/07/2025 | C61: =TEXT(B61,"mmm") -> Jul | D61: East | E61: Travel | F61: 2323.56 | G61: Rejected | H61: 7
A62: C061 | B62: 27/08/2025 | C62: =TEXT(B62,"mmm") -> Aug | D62: North | E62: Health | F62: 795.54 | G62: Pending | H62: 5
A63: C062 | B63: 45968 | C63: =TEXT(B63,"mmm") -> Nov | D63: East | E63: Home | F63: 1341.69 | G63: Pending | H63: 1
A64: C063 | B64: 16/07/2025 | C64: =TEXT(B64,"mmm") -> Jul | D64: East | E64: Travel | F64: 4088.73 | G64: Rejected | H64: 8
A65: C064 | B65: 22/03/2025 | C65: =TEXT(B65,"mmm") -> Mar | D65: East | E65: Health | F65: 4550.83 | G65: Pending | H65: 6
A66: C065 | B66: 18/07/2025 | C66: =TEXT(B66,"mmm") -> Jul | D66: North | E66: Home | F66: 3214.07 | G66: Pending | H66: 5
A67: C066 | B67: 25/05/2025 | C67: =TEXT(B67,"mmm") -> May | D67: West | E67: Health | F67: 1952.14 | G67: Rejected | H67: 5
A68: C067 | B68: 28/07/2025 | C68: =TEXT(B68,"mmm") -> Jul | D68: North | E68: Health | F68: 4738.36 | G68: Pending | H68: 11
A69: C068 | B69: 29/03/2025 | C69: =TEXT(B69,"mmm") -> Mar | D69: South | E69: Travel | F69: 1751.89 | G69: Rejected | H69: 14
A70: C069 | B70: 23/06/2025 | C70: =TEXT(B70,"mmm") -> Jun | D70: North | E70: Home | F70: 4598.82 | G70: Approved | H70: 3
A71: C070 | B71: 24/10/2025 | C71: =TEXT(B71,"mmm") -> Oct | D71: West | E71: Home | F71: 4971.07 | G71: Rejected | H71: 12
A72: C071 | B72: 13/03/2025 | C72: =TEXT(B72,"mmm") -> Mar | D72: North | E72: Travel | F72: 4534.43 | G72: Rejected | H72: 5
A73: C072 | B73: 21/01/2025 | C73: =TEXT(B73,"mmm") -> Jan | D73: East | E73: Auto | F73: 3565.82 | G73: Rejected | H73: 3
A74: C073 | B74: 45938 | C74: =TEXT(B74,"mmm") -> Oct | D74: West | E74: Auto | F74: 2062.64 | G74: Rejected | H74: 5
A75: C074 | B75: 23/09/2025 | C75: =TEXT(B75,"mmm") -> Sep | D75: East | E75: Health | F75: 1806.08 | G75: Rejected | H75: 1
A76: C075 | B76: 13/10/2025 | C76: =TEXT(B76,"mmm") -> Oct | D76: West | E76: Home | F76: 1105.25 | G76: Pending | H76: 11
A77: C076 | B77: 24/02/2025 | C77: =TEXT(B77,"mmm") -> Feb | D77: North | E77: Health | F77: 589.26 | G77: Approved | H77: 11
A78: C077 | B78: 24/10/2025 | C78: =TEXT(B78,"mmm") -> Oct | D78: South | E78: Home | F78: 2259.16 | G78: Rejected | H78: 4
A79: C078 | B79: 45843 | C79: =TEXT(B79,"mmm") -> Jul | D79: West | E79: Travel | F79: 3937.08 | G79: Approved | H79: 2
A80: C079 | B80: 20/03/2025 | C80: =TEXT(B80,"mmm") -> Mar | D80: East | E80: Auto | F80: 2469.28 | G80: Pending | H80: 5
A81: C080 | B81: 17/12/2025 | C81: =TEXT(B81,"mmm") -> Dec | D81: North | E81: Travel | F81: 1007.14 | G81: Rejected | H81: 5
A82: C081 | B82: 45814 | C82: =TEXT(B82,"mmm") -> Jun | D82: South | E82: Health | F82: 1665.83 | G82: Rejected | H82: 5
A83: C082 | B83: 26/02/2025 | C83: =TEXT(B83,"mmm") -> Feb | D83: West | E83: Travel | F83: 1151.29 | G83: Approved | H83: 3
A84: C083 | B84: 18/08/2025 | C84: =TEXT(B84,"mmm") -> Aug | D84: West | E84: Health | F84: 4975.71 | G84: Rejected | H84: 3
A85: C084 | B85: 29/10/2025 | C85: =TEXT(B85,"mmm") -> Oct | D85: West | E85: Health | F85: 1251.7 | G85: Rejected | H85: 9
A86: C085 | B86: 45996 | C86: =TEXT(B86,"mmm") -> Dec | D86: East | E86: Health | F86: 3886.87 | G86: Rejected | H86: 14
A87: C086 | B87: 45783 | C87: =TEXT(B87,"mmm") -> May | D87: West | E87: Home | F87: 4117.73 | G87: Approved | H87: 6
A88: C087 | B88: 45781 | C88: =TEXT(B88,"mmm") -> May | D88: West | E88: Home | F88: 1370.87 | G88: Pending | H88: 13
A89: C088 | B89: 27/12/2025 | C89: =TEXT(B89,"mmm") -> Dec | D89: North | E89: Travel | F89: 1360.07 | G89: Pending | H89: 6
A90: C089 | B90: 24/07/2025 | C90: =TEXT(B90,"mmm") -> Jul | D90: North | E90: Home | F90: 1985.04 | G90: Pending | H90: 8
A91: C090 | B91: 20/07/2025 | C91: =TEXT(B91,"mmm") -> Jul | D91: South | E91: Health | F91: 3737.17 | G91: Rejected | H91: 13
A92: C091 | B92: 45724 | C92: =TEXT(B92,"mmm") -> Mar | D92: North | E92: Auto | F92: 2822.52 | G92: Approved | H92: 2
A93: C092 | B93: 45870 | C93: =TEXT(B93,"mmm") -> Aug | D93: South | E93: Travel | F93: 1085.21 | G93: Pending | H93: 3
A94: C093 | B94: 15/10/2025 | C94: =TEXT(B94,"mmm") -> Oct | D94: South | E94: Health | F94: 1675.66 | G94: Approved | H94: 12
A95: C094 | B95: 18/06/2025 | C95: =TEXT(B95,"mmm") -> Jun | D95: East | E95: Auto | F95: 4749.64 | G95: Pending | H95: 6
A96: C095 | B96: 20/12/2025 | C96: =TEXT(B96,"mmm") -> Dec | D96: West | E96: Auto | F96: 3574.77 | G96: Approved | H96: 14
A97: C096 | B97: 45973 | C97: =TEXT(B97,"mmm") -> Nov | D97: North | E97: Health | F97: 3395.89 | G97: Rejected | H97: 13
A98: C097 | B98: 29/12/2025 | C98: =TEXT(B98,"mmm") -> Dec | D98: West | E98: Travel | F98: 3185.08 | G98: Pending | H98: 5
A99: C098 | B99: 13/09/2025 | C99: =TEXT(B99,"mmm") -> Sep | D99: East | E99: Auto | F99: 3750.82 | G99: Rejected | H99: 3
A100: C099 | B100: 30/09/2025 | C100: =TEXT(B100,"mmm") -> Sep | D100: North | E100: Auto | F100: 2588.23 | G100: Approved | H100: 14
...

Sheet Dashboard
B1: Insurance Claims Dashboard
B4: TOTAL CLAIMS | D4: APPROVED CLAIMS | F4: TOTAL CLAIM AMOUNT | I4: APPROVAL % | K4: REJECTION % | M4: AVG PROCESSING TIME
B5: =COUNTA(in!A2:A201) -> 200 | D5: =COUNTIF(in!G2:G201,"Approved") -> 66 | F5: =SUM(in!F2:F201) -> 552847.8 | I5: =D5/B5 -> 0.33 | K5: =1-I5 -> 0.67 | M5: =AVERAGE(in!H2:H201) -> 8.08
V6: Avg Processing Time by Region | AA6: Claim by Region
V7: Region | X7: Avg Processing Time | AA7: Region | AB7: Count | AC7: Total Amount
V8: North | X8: =AVERAGEIFS(in!H2:H201,in!D2:D201,"North") -> 8.2142857 | Z8: S | AA8: North | AB8: =COUNTIF(in!D2:D201,"North") -> 56 | AC8: =SUMIFS(in!F2:F201,in!D2:D201,"North") -> 150657.21
V9: South | X9: =AVERAGEIFS(in!H2:H201,in!D2:D201,"South") -> 7.975 | AA9: South | AB9: =COUNTIF(in!D2:D201,"South") -> 40 | AC9: =SUMIFS(in!F2:F201,in!D2:D201,"South") -> 101784.05
V10: East | X10: =AVERAGEIFS(in!H2:H201,in!D2:D201,"East") -> 8.0185185 | AA10: East | AB10: =COUNTIF(in!D2:D201,"East") -> 54 | AC10: =SUMIFS(in!F2:F201,in!D2:D201,"East") -> 154569.4
V11: West | X11: =AVERAGEIFS(in!H2:H201,in!D2:D201,"West") -> 8.08 | AA11: West | AB11: =COUNTIF(in!D2:D201,"West") -> 50 | AC11: =SUMIFS(in!F2:F201,in!D2:D201,"West") -> 145837.14
A12: *Highest claim month: July *Slowest processing region: North *Highest claim type: Home | AA12: Claim by Type
V13: Monthly Claim | AA13: Claim Type | AB13: Count | AC13: Total Amount
V14: Month | W14: Total Claims | X14: Total Amount | AA14: Health | AB14: =COUNTIF(in!E2:E201,"Health") -> 47 | AC14: =SUMIFS(in!F2:F201,in!E2:E201,"Health") -> 131224.86
V15: Jan | W15: =COUNTIF(in!C2:C201,"Jan") -> 16 | X15: =SUMIFS(in!F2:F201,in!C2:C201,"Jan") -> 48150.46 | AA15: Auto | AB15: =COUNTIF(in!E2:E201,"Auto") -> 51 | AC15: =SUMIFS(in!F2:F201,in!E2:E201,"Auto") -> 124552.07
V16: Feb | W16: =COUNTIF(in!C2:C201,"Feb") -> 17 | X16: =SUMIFS(in!F2:F201,in!C2:C201,"Feb") -> 40449.89 | AA16: Home | AB16: =COUNTIF(in!E2:E201,"Home") -> 52 | AC16: =SUMIFS(in!F2:F201,in!E2:E201,"Home") -> 156024.67
V17: Mar | W17: =COUNTIF(in!C2:C201,"Mar") -> 22 | X17: =SUMIFS(in!F2:F201,in!C2:C201,"Mar") -> 60236.98 | AA17: Travel | AB17: =COUNTIF(in!E2:E201,"Travel") -> 50 | AC17: =SUMIFS(in!F2:F201,in!E2:E201,"Travel") -> 141046.2
V18: Apr | W18: =COUNTIF(in!C3:C202,"Apr") -> 16 | X18: =SUMIFS(in!F2:F201,in!C2:C201,"Apr") -> 41719.31
V19: May | W19: =COUNTIF(in!C2:C201,"May") -> 20 | X19: =SUMIFS(in!F2:F201,in!C2:C201,"May") -> 55802.19
V20: Jun | W20: =COUNTIF(in!C2:C201,"Jun") -> 15 | X20: =SUMIFS(in!F2:F201,in!C2:C201,"Jun") -> 47780.13
V21: Jul | W21: =COUNTIF(in!C2:C201,"Jul") -> 27 | X21: =SUMIFS(in!F2:F201,in!C2:C201,"Jul") -> 81611.61
V22: Aug | W22: =COUNTIF(in!C2:C201,"Aug") -> 15 | X22: =SUMIFS(in!F2:F201,in!C2:C201,"Aug") -> 28134.65
V23: Sep | W23: =COUNTIF(in!C2:C201,"Sep") -> 14 | X23: =SUMIFS(in!F2:F201,in!C2:C201,"Sep") -> 38951.85
V24: Oct | W24: =COUNTIF(in!C2:C201,"Oct") -> 18 | X24: =SUMIFS(in!F2:F201,in!C2:C201,"Oct") -> 52678.93
V25: Nov | W25: =COUNTIF(in!C2:C201,"Nov") -> 9 | X25: =SUMIFS(in!F2:F201,in!C2:C201,"Nov") -> 28602.18
V26: Dec | W26: =COUNTIF(in!C2:C201,"Dec") -> 11 | X26: =SUMIFS(in!F2:F201,in!C2:C201,"Dec") -> 28729.62
Q45: g
